nuclide,"(n,gamma)",fission
U234,22.231989822002454,0.4962074466374985
U235,10.479008971197121,48.417873371646
U238,0.8673334105437318,0.10467880588762357
U236,8.651710446071219,0.3194839240001929
O16,7.49785100010752e-05,0.0
O17,0.00040792277971533707,0.0
I135,6.8423953237139274,0.0
Xe135,227463.8642699061,0.0
Xe136,0.023178960347535887,0.0
Cs135,2.172166558071361,0.0
Gd157,12786.099392370175,0.0
Gd156,3.400608544584697,0.0
