nuclide,"(n,gamma)",fission
U234,22.231989822002443,0.4962074466374984
U235,10.479008971197118,48.41787337164602
U238,0.8673334105437318,0.10467880588762354
U236,8.651710446071204,0.3194839240001923
O16,7.497851000107514e-05,0.0
O17,0.0004079227797153369,0.0
I135,6.84239532371391,0.0
Xe135,227463.8642699059,0.0
Xe136,0.023178960347535877,0.0
Cs135,2.17216655807136,0.0
Gd157,12786.099392370163,0.0
Gd156,3.4006085445847027,0.0
